booking_ref,lead_passenger_last_name,lead_passenger_first_names,lead_passenger_email,lead_passenger_phone,num_passengers,outbound_flight_number,outbound_airline,outbound_origin,outbound_destination,outbound_destination_name,outbound_departure_dt,outbound_arrival_dt,outbound_route_via,return_flight_number,return_airline,return_origin,return_destination,return_departure_dt,return_arrival_dt,return_route_via,hotel_name,booking_status,travel_status
OTB-83563,Jones,Poppy,poppy.jones@btinternet.com,07685126461,2,BA8359,British Airways,LGW,FAO,Faro,2026-04-14 06:00,2026-04-14 09:00,England|France|Spain|Portugal,BA5557,British Airways,FAO,LGW,2026-05-04 07:20,2026-05-04 10:20,Portugal|Spain|France|England,Sunrise Faro Beach Hotel,Active,Currently Travelling
OTB-70217,Murphy,Harry,harrymurphy49@gmail.com,07692749116,2,BA6925,British Airways,BCN,IBZ,Ibiza,2026-04-28 08:30,2026-04-28 11:30,Spain|France|Spain,BA4150,British Airways,IBZ,BCN,2026-05-04 16:50,2026-05-04 19:50,Spain|France|Spain,Blue Ibiza Hotel,Active,Currently Travelling
OTB-99593,Henderson,Andrew,andrewhenderson82@hotmail.com,07673528321,4,BA3677,British Airways,FCO,DBV,Dubrovnik,2026-04-23 10:30,2026-04-23 13:30,Italy|Germany|Austria|Croatia,BA8573,British Airways,DBV,FCO,2026-05-10 16:20,2026-05-10 19:20,Croatia|Austria|Germany|Italy,Breeze Dubrovnik Suites,Active,Currently Travelling
OTB-37869,Lewis,Patrick,patricklewis@btinternet.com,07592688426,1,KL3287,KLM,MAN,JFK,New York,2026-04-24 17:25,2026-04-25 01:25,England|Atlantic Ocean|USA,KL5040,KLM,JFK,MAN,2026-04-28 07:20,2026-04-28 15:20,USA|Atlantic Ocean|England,Paradise New York Beach Resort,Active,Returned
OTB-60432,Brown,Poppy,poppy_brown@yahoo.co.uk,07668132202,2,EK1188,Emirates,LHR,MRS,Marseille,2026-05-11 06:10,2026-05-11 08:10,England|France,EK2876,Emirates,MRS,LHR,2026-05-29 09:55,2026-05-29 11:55,France|England,Paradise Marseille Suites,Active,Pre-departure
OTB-59009,Roberts,Isla,isla.roberts@icloud.com,07100614068,3,EI9005,Aer Lingus,MAN,FAO,Faro,2026-04-23 21:10,2026-04-23 23:10,England|France|Spain|Portugal,EI1319,Aer Lingus,FAO,MAN,2026-05-11 14:55,2026-05-11 16:55,Portugal|Spain|France|England,Royal Faro Beach Club,Active,Currently Travelling
OTB-89507,Clark,Sophie,sophie_clark@icloud.com,07910959828,4,BA4295,British Airways,LGW,TIV,Tivat,2026-04-12 22:15,2026-04-13 01:15,England|Germany|Austria|Montenegro,BA6107,British Airways,TIV,LGW,2026-04-30 09:55,2026-04-30 12:55,Montenegro|Austria|Germany|England,Breeze Tivat Beach Club,Active,Returned
OTB-53309,Campbell,Harry,harry.campbell@outlook.com,07818309417,2,BA9834,British Airways,EDI,NCE,Nice,2026-05-03 12:00,2026-05-03 14:00,Scotland|France,BA3167,British Airways,NCE,EDI,2026-05-24 07:55,2026-05-24 09:55,France|Scotland,Crystal Nice All-Inclusive Resort,Active,Pre-departure
OTB-42591,Evans,Victoria,victoria.evans58@hotmail.com,07552991960,2,BA8579,British Airways,LBA,SOF,Sofia,2026-05-08 19:00,2026-05-08 23:00,England|Germany|Austria|Bulgaria,BA5092,British Airways,SOF,LBA,2026-05-24 08:00,2026-05-24 12:00,Bulgaria|Austria|Germany|England,Blue Sofia Hotel & Spa,Active,Pre-departure
OTB-17685,Reid,Lucas,lucas.reid@yahoo.co.uk,07384759615,6,EZY8454,EasyJet,BRS,AMS,Amsterdam,2026-05-01 10:35,2026-05-01 11:35,England|Netherlands,EZY5673,EasyJet,AMS,BRS,2026-05-04 20:40,2026-05-04 21:40,Netherlands|England,Pearl Amsterdam Beach Resort,Active,Currently Travelling
OTB-79615,Sharma,Susan,susan.sharma66@gmail.com,07299528037,1,BY2113,TUI,MAN,TFS,Tenerife,2026-04-13 15:00,2026-04-13 19:00,England|France|Spain|Canary Islands,BY4853,TUI,TFS,MAN,2026-05-14 06:50,2026-05-14 10:50,Canary Islands|Spain|France|England,Breeze Tenerife Resort,Active,Currently Travelling
OTB-19508,Lewis,Joshua,joshua.lewis@icloud.com,07207354053,1,AA4492,American Airlines,BRS,NCE,Nice,2026-04-15 15:20,2026-04-15 17:20,England|France,AA9288,American Airlines,NCE,BRS,2026-04-26 13:35,2026-04-26 15:35,France|England,Ocean Nice Beach Hotel,Active,Returned
OTB-44664,Thomas,Claire,claire.thomas@btinternet.com,07694019365,2,EK5616,Emirates,NCL,DUB,Dublin,2026-03-29 21:00,2026-03-29 23:00,England|Ireland,EK4450,Emirates,DUB,NCL,2026-04-18 22:25,2026-04-19 00:25,Ireland|England,Azure Dublin Apartments,Active,Returned
OTB-31178,Hughes,Samuel,samuelhughes@btinternet.com,07559225330,3,BY2832,TUI,DUB,LIS,Lisbon,2026-04-29 13:00,2026-04-29 16:00,Ireland|Atlantic Ocean|Portugal,BY2232,TUI,LIS,DUB,2026-05-13 05:30,2026-05-13 08:30,Portugal|Atlantic Ocean|Ireland,Grand Lisbon Beach Resort,Active,Currently Travelling
OTB-63264,Campbell,Claire,clairecampbell@hotmail.com,07274484941,7,LS3900,Jet2,MAN,LCA,"Larnaca, Cyprus",2026-05-07 16:20,2026-05-07 20:20,England|France|Italy|Greece|Cyprus,LS7755,Jet2,LCA,MAN,2026-05-21 12:55,2026-05-21 16:55,Cyprus|Greece|Italy|France|England,Sunrise Larnaca Beach Hotel,Active,Pre-departure
OTB-55830,Hill,Susan,susan_hill@hotmail.com,07339362341,1,KL4164,KLM,AMS,ATH,Athens,2026-04-23 17:00,2026-04-23 20:00,Netherlands|France|Italy|Greece,KL7528,KLM,ATH,AMS,2026-05-05 20:20,2026-05-05 23:20,Greece|Italy|France|Netherlands,Azure Athens Suites,Active,Currently Travelling
OTB-66959,Morgan,Charlie,charlie_morgan@outlook.com,07568574364,3,EK9379,Emirates,LBA,KEF,Reykjavik,2026-04-01 05:10,2026-04-01 08:10,England|Atlantic Ocean|Iceland,EZY2894,EasyJet,KEF,LBA,2026-04-21 13:15,2026-04-21 16:15,Iceland|Atlantic Ocean|England,Breeze Reykjavik All-Inclusive Resort,Active,Returned
OTB-97410,Hall,Chloe,chloe_hall@btinternet.com,07417457352,3,EZY4143,EasyJet,BRS,ATH,Athens,2026-05-13 18:10,2026-05-13 22:10,England|France|Italy|Greece,BY7888,TUI,ATH,BRS,2026-05-22 15:50,2026-05-22 19:50,Greece|Italy|France|England,Breeze Athens Beach Hotel,Active,Pre-departure
OTB-32241,Khan,Charlotte,charlottekhan66@btinternet.com,07779615069,3,EZY2530,EasyJet,STN,LCA,"Larnaca, Cyprus",2026-04-18 19:40,2026-04-19 00:40,England|France|Italy|Greece|Cyprus,EZY4848,EasyJet,LCA,STN,2026-05-15 19:55,2026-05-16 00:55,Cyprus|Greece|Italy|France|England,Mediterranean Larnaca Apartments,Active,Currently Travelling
OTB-23970,Smith,Andrew,andrew_smith90@icloud.com,07598806645,1,BA5082,British Airways,DUB,MLA,Malta,2026-04-17 17:40,2026-04-17 20:40,Ireland|France|Italy|Malta,BA2988,British Airways,MLA,DUB,2026-05-09 17:20,2026-05-09 20:20,Malta|Italy|France|Ireland,Amber Malta Beach Hotel,Active,Currently Travelling
OTB-46347,Scott,Amy,amyscott@hotmail.com,07394846763,2,W65681,Wizz Air,BRS,MIA,Miami,2026-04-18 10:40,2026-04-18 20:40,England|Atlantic Ocean|USA,W64841,Wizz Air,MIA,BRS,2026-05-16 19:25,2026-05-17 05:25,USA|Atlantic Ocean|England,Ocean Miami Beach Club,Active,Currently Travelling
OTB-61049,Turner,Amy,amyturner@gmail.com,07922050912,3,LS8814,Jet2,LHR,CDG,Paris,2026-05-14 18:35,2026-05-14 19:35,England|France,LS1096,Jet2,CDG,LHR,2026-05-23 15:45,2026-05-23 16:45,France|England,Horizon Paris Suites,Active,Pre-departure
OTB-99016,Mitchell,Daniel,daniel_mitchell@yahoo.co.uk,07237039296,7,DL9751,Delta Airlines,BRS,LIS,Lisbon,2026-04-12 12:25,2026-04-12 15:25,England|Atlantic Ocean|Portugal,DL1441,Delta Airlines,LIS,BRS,2026-05-06 18:40,2026-05-06 21:40,Portugal|Atlantic Ocean|England,Breeze Lisbon All-Inclusive Resort,Active,Currently Travelling
OTB-65255,Edwards,Benjamin,benjamin_edwards@yahoo.co.uk,07120812641,4,EI1853,Aer Lingus,NCL,RHO,Rhodes,2026-05-05 17:30,2026-05-05 22:30,England|France|Italy|Greece,EI6733,Aer Lingus,RHO,NCL,2026-05-09 11:40,2026-05-09 16:40,Greece|Italy|France|England,Sunset Rhodes Resort,Active,Pre-departure
OTB-58351,Hughes,Andrew,andrew.hughes@btinternet.com,07871330207,1,BA3683,British Airways,MAN,CUN,Cancun,2026-04-12 09:40,2026-04-12 19:40,England|Atlantic Ocean|Mexico,W66096,Wizz Air,CUN,MAN,2026-05-05 08:50,2026-05-05 18:50,Mexico|Atlantic Ocean|England,Royal Cancun All-Inclusive Resort,Active,Currently Travelling
OTB-58571,Mitchell,Logan,logan.mitchell@outlook.com,07113585139,4,EI9031,Aer Lingus,STN,RHO,Rhodes,2026-05-04 08:25,2026-05-04 12:25,England|France|Italy|Greece,EI2729,Aer Lingus,RHO,STN,2026-05-25 08:50,2026-05-25 12:50,Greece|Italy|France|England,Pearl Rhodes Beach Club,Active,Pre-departure
OTB-69087,Stewart,Lily,lily.stewart@icloud.com,07755338677,3,EI6511,Aer Lingus,BRS,SPU,Split,2026-04-11 19:35,2026-04-11 22:35,England|Germany|Austria|Croatia,FR1470,Ryanair,SPU,BRS,2026-05-07 13:30,2026-05-07 16:30,Croatia|Austria|Germany|England,Starlight Split Beach Club,Active,Currently Travelling
OTB-74332,Young,Charlotte,charlotte_young@gmail.com,07415933049,2,EK4986,Emirates,BHX,FAO,Faro,2026-05-11 07:20,2026-05-11 09:20,England|France|Spain|Portugal,EK6016,Emirates,FAO,BHX,2026-05-14 18:40,2026-05-14 20:40,Portugal|Spain|France|England,Crystal Faro Beach Club,Active,Pre-departure
OTB-34267,Phillips,Adam,adam.phillips62@outlook.com,07878017216,3,DL9595,Delta Airlines,NCL,MRS,Marseille,2026-05-07 12:10,2026-05-07 15:10,England|France,DL5636,Delta Airlines,MRS,NCL,2026-05-19 11:30,2026-05-19 14:30,France|England,Royal Marseille Apartments,Active,Pre-departure
OTB-85243,Smith,Victoria,victoria_smith@yahoo.co.uk,07465830215,2,EZY1841,EasyJet,LHR,FAO,Faro,2026-05-07 22:25,2026-05-08 00:25,England|France|Spain|Portugal,EZY5136,EasyJet,FAO,LHR,2026-05-11 09:55,2026-05-11 11:55,Portugal|Spain|France|England,Starlight Faro Resort,Active,Pre-departure
OTB-91057,Morgan,Poppy,poppy.morgan@yahoo.co.uk,07583736219,5,AA5871,American Airlines,MAN,PMI,"Palma, Majorca",2026-04-27 07:20,2026-04-27 10:20,England|France|Spain,AA8025,American Airlines,PMI,MAN,2026-05-05 08:45,2026-05-05 11:45,Spain|France|England,Mediterranean Palma All-Inclusive Resort,Active,Currently Travelling
OTB-87832,Phillips,Thomas,thomas_phillips30@outlook.com,07859088046,2,BA8438,British Airways,BHX,CUN,Cancun,2026-04-29 10:45,2026-04-29 20:45,England|Atlantic Ocean|Mexico,BA2166,British Airways,CUN,BHX,2026-05-05 07:15,2026-05-05 17:15,Mexico|Atlantic Ocean|England,Sunset Cancun Suites,Active,Currently Travelling
OTB-84607,O'Brien,Poppy,poppy_o'brien@yahoo.co.uk,07839462365,2,EI7594,Aer Lingus,STN,JFK,New York,2026-04-11 09:10,2026-04-11 17:10,England|Atlantic Ocean|USA,EI5460,Aer Lingus,JFK,STN,2026-05-05 06:15,2026-05-05 14:15,USA|Atlantic Ocean|England,Serenity New York Beach Resort,Active,Currently Travelling
OTB-71669,Walker,Adam,adamwalker@outlook.com,07294872482,8,EI8141,Aer Lingus,BHX,MLA,Malta,2026-05-03 05:55,2026-05-03 08:55,England|France|Italy|Malta,,,MLA,BHX,,,,Starlight Malta Resort,Active,Pre-departure
OTB-43082,Lewis,Noah,noah_lewis99@yahoo.co.uk,07652543518,4,KL1018,KLM,LHR,AGP,Malaga,2026-05-08 14:55,2026-05-08 17:55,England|France|Spain,,,AGP,LHR,,,,Paradise Malaga Hotel & Spa,Active,Pre-departure
OTB-92578,Jones,Jacob,jacobjones@btinternet.com,07270057261,2,AA1224,American Airlines,NCL,AGP,Malaga,2026-05-15 13:45,2026-05-15 15:45,England|France|Spain,AA7684,American Airlines,AGP,NCL,2026-05-19 09:25,2026-05-19 11:25,Spain|France|England,Blue Malaga Apartments,Active,Pre-departure
OTB-88561,Murray,Isla,islamurray@hotmail.com,07174958005,2,FR7798,Ryanair,LHR,LIS,Lisbon,2026-04-12 18:40,2026-04-12 21:40,England|Atlantic Ocean|Portugal,FR6568,Ryanair,LIS,LHR,2026-04-24 20:20,2026-04-24 23:20,Portugal|Atlantic Ocean|England,Serenity Lisbon Suites,Active,Returned
OTB-34727,Lewis,Karen,karenlewis50@hotmail.com,07932734539,2,AA6213,American Airlines,NCL,FAO,Faro,2026-04-27 16:30,2026-04-27 19:30,England|France|Spain|Portugal,AA8749,American Airlines,FAO,NCL,2026-05-10 22:45,2026-05-11 01:45,Portugal|Spain|France|England,Breeze Faro Holiday Village,Active,Currently Travelling
OTB-95823,Turner,Freddie,freddie.turner34@outlook.com,07769219685,3,W62315,Wizz Air,AMS,SPU,Split,2026-04-02 08:40,2026-04-02 11:40,Netherlands|Germany|Austria|Croatia,W66383,Wizz Air,SPU,AMS,2026-04-23 08:45,2026-04-23 11:45,Croatia|Austria|Germany|Netherlands,Paradise Split Holiday Village,Active,Returned
OTB-49251,Phillips,Emma,emma.phillips8@outlook.com,07484897084,2,DL3385,Delta Airlines,LGW,MCO,Orlando,2026-04-16 07:35,2026-04-16 16:35,England|Atlantic Ocean|USA,DL5000,Delta Airlines,MCO,LGW,2026-04-28 08:55,2026-04-28 17:55,USA|Atlantic Ocean|England,Serenity Orlando Holiday Village,Active,Returned
OTB-70981,Reid,James,james_reid@hotmail.com,07179308612,2,LS6661,Jet2,LBA,SPU,Split,2026-05-12 09:20,2026-05-12 12:20,England|Germany|Austria|Croatia,LS5901,Jet2,SPU,LBA,2026-05-22 19:55,2026-05-22 22:55,Croatia|Austria|Germany|England,Pearl Split Suites,Active,Pre-departure
OTB-16428,Anderson,Victoria,victoriaanderson@outlook.com,07932945529,4,W66772,Wizz Air,LBA,ATH,Athens,2026-05-12 14:00,2026-05-12 18:00,England|France|Italy|Greece,,,ATH,LBA,,,,Sunset Athens Apartments,Active,Pre-departure
OTB-64460,Lewis,Grace,grace.lewis70@outlook.com,07669998399,2,KL5465,KLM,MAN,JFK,New York,2026-04-22 06:50,2026-04-22 14:50,England|Atlantic Ocean|USA,KL3695,KLM,JFK,MAN,2026-05-15 16:15,2026-05-16 00:15,USA|Atlantic Ocean|England,Ocean New York Hotel & Spa,Active,Currently Travelling
OTB-69609,Wilson,Emily,emily_wilson@btinternet.com,07381493671,3,FR7086,Ryanair,LGW,AGP,Malaga,2026-04-19 22:30,2026-04-20 01:30,England|France|Spain,,,AGP,LGW,,,,Royal Malaga Apartments,Active,Returned
OTB-22739,Wilson,Hannah,hannah.wilson@hotmail.com,07517305280,2,AA9850,American Airlines,LGW,MIA,Miami,2026-05-13 18:10,2026-05-14 04:10,England|Atlantic Ocean|USA,AA7866,American Airlines,MIA,LGW,2026-05-30 09:00,2026-05-30 19:00,USA|Atlantic Ocean|England,Crystal Miami Beach Hotel,Active,Pre-departure
OTB-94518,Reid,Emily,emily_reid36@hotmail.com,07231167999,6,AA8450,American Airlines,BHX,MCO,Orlando,2026-04-17 19:40,2026-04-18 04:40,England|Atlantic Ocean|USA,AA2501,American Airlines,MCO,BHX,2026-05-01 12:30,2026-05-01 21:30,USA|Atlantic Ocean|England,Coral Orlando All-Inclusive Resort,Active,Returned
OTB-28964,Sharma,Lily,lily.sharma@hotmail.com,07218032515,3,BA1422,British Airways,AMS,AGP,Malaga,2026-04-10 11:20,2026-04-10 13:20,Netherlands|France|Spain,BA3159,British Airways,AGP,AMS,2026-04-30 15:15,2026-04-30 17:15,Spain|France|Netherlands,Sunrise Malaga Beach Club,Active,Returned
OTB-87812,Moore,William,william.moore@hotmail.com,07760465943,1,EZY9543,EasyJet,MAN,AGP,Malaga,2026-04-27 21:10,2026-04-28 00:10,England|France|Spain,EZY5941,EasyJet,AGP,MAN,2026-05-14 07:40,2026-05-14 10:40,Spain|France|England,Amber Malaga Hotel,Active,Currently Travelling
OTB-52622,King,Ruby,ruby_king@icloud.com,07416644047,2,EI8048,Aer Lingus,NCL,ATH,Athens,2026-05-14 07:30,2026-05-14 10:30,England|France|Italy|Greece,EI2624,Aer Lingus,ATH,NCL,2026-05-31 09:10,2026-05-31 12:10,Greece|Italy|France|England,Royal Athens Beach Resort,Active,Pre-departure
OTB-72163,Anderson,Freddie,freddie.anderson11@gmail.com,07563723880,1,BA7105,British Airways,NCL,HER,"Heraklion, Crete",2026-04-19 15:35,2026-04-19 19:35,England|France|Italy|Greece,BA3131,British Airways,HER,NCL,2026-05-09 15:55,2026-05-09 19:55,Greece|Italy|France|England,Paradise Heraklion Hotel,Active,Currently Travelling
OTB-73201,Mitchell,Freddie,freddie.mitchell@outlook.com,07697285504,2,KL5564,KLM,EDI,LYS,Lyon,2026-05-16 14:50,2026-05-16 15:50,Scotland|France,KL4705,KLM,LYS,EDI,2026-06-01 14:30,2026-06-01 15:30,France|Scotland,Pearl Lyon Beach Resort,Active,Pre-departure
OTB-96159,Baker,Freddie,freddie_baker95@btinternet.com,07132917811,1,KL9691,KLM,MAN,KRK,Krakow,2026-04-11 10:25,2026-04-11 12:25,England|Germany|Poland,KL4524,KLM,KRK,MAN,2026-04-22 14:30,2026-04-22 16:30,Poland|Germany|England,Breeze Krakow Holiday Village,Active,Returned
OTB-64287,Cooper,Poppy,poppy_cooper66@gmail.com,07470626529,2,EK5640,Emirates,LGW,FAO,Faro,2026-05-03 06:55,2026-05-03 08:55,England|France|Spain|Portugal,EK8972,Emirates,FAO,LGW,2026-05-10 07:25,2026-05-10 09:25,Portugal|Spain|France|England,Serenity Faro Suites,Active,Pre-departure
OTB-79806,Jackson,Alfie,alfiejackson72@btinternet.com,07965650861,2,EZY7505,EasyJet,BHX,CFU,Corfu,2026-05-06 14:30,2026-05-06 18:30,England|France|Italy|Greece,EZY1693,EasyJet,CFU,BHX,2026-05-13 08:00,2026-05-13 12:00,Greece|Italy|France|England,Pearl Corfu Hotel,Active,Pre-departure
OTB-57428,Phillips,Amy,amy.phillips@gmail.com,07361259074,2,AA7560,American Airlines,LBA,AGP,Malaga,2026-05-14 08:35,2026-05-14 11:35,England|France|Spain,W69584,Wizz Air,AGP,LBA,2026-05-30 05:30,2026-05-30 08:30,Spain|France|England,Blue Malaga Holiday Village,Active,Pre-departure
OTB-30036,Morgan,Olivia,oliviamorgan99@btinternet.com,07630554118,2,EK8354,Emirates,LGW,JFK,New York,2026-04-17 16:30,2026-04-17 23:30,England|Atlantic Ocean|USA,EK6295,Emirates,JFK,LGW,2026-04-23 09:20,2026-04-23 16:20,USA|Atlantic Ocean|England,Azure New York Beach Hotel,Active,Returned
OTB-21835,Campbell,Ryan,ryancampbell@yahoo.co.uk,07596832859,3,BY1672,TUI,MAN,RHO,Rhodes,2026-05-08 14:40,2026-05-08 18:40,England|France|Italy|Greece,FR8368,Ryanair,RHO,MAN,2026-05-27 19:00,2026-05-27 23:00,Greece|Italy|France|England,Crystal Rhodes Apartments,Active,Pre-departure
OTB-47079,Patel,William,william_patel@outlook.com,07828960875,3,EZY6482,EasyJet,EDI,IBZ,Ibiza,2026-05-14 06:20,2026-05-14 08:20,Scotland|France|Spain,EZY2079,EasyJet,IBZ,EDI,2026-05-19 19:40,2026-05-19 21:40,Spain|France|Scotland,Azure Ibiza Resort,Active,Pre-departure
OTB-94343,Jackson,Sophia,sophia_jackson@btinternet.com,07854658900,4,KL9624,KLM,AMS,FAO,Faro,2026-05-08 16:25,2026-05-08 18:25,Netherlands|France|Spain|Portugal,BY2531,TUI,FAO,AMS,2026-05-13 17:15,2026-05-13 19:15,Portugal|Spain|France|Netherlands,Pearl Faro Beach Resort,Active,Pre-departure
OTB-79013,Stewart,Nathan,nathan.stewart@icloud.com,07240712839,3,BA3527,British Airways,NCL,IBZ,Ibiza,2026-05-06 09:10,2026-05-06 11:10,England|France|Spain,BA3658,British Airways,IBZ,NCL,2026-05-16 14:10,2026-05-16 16:10,Spain|France|England,Palm Ibiza All-Inclusive Resort,Active,Pre-departure
OTB-71474,Khan,Laura,laura.khan@icloud.com,07573087862,2,EZY5616,EasyJet,STN,HER,"Heraklion, Crete",2026-04-17 19:20,2026-04-18 00:20,England|France|Italy|Greece,EZY7256,EasyJet,HER,STN,2026-05-12 22:20,2026-05-13 03:20,Greece|Italy|France|England,Serenity Heraklion Beach Resort,Active,Currently Travelling
OTB-77286,Cooper,Lily,lily.cooper@gmail.com,07338411494,4,AA6727,American Airlines,BHX,TFS,Tenerife,2026-05-03 22:10,2026-05-04 03:10,England|France|Spain|Canary Islands,AA1436,American Airlines,TFS,BHX,2026-05-21 21:10,2026-05-22 02:10,Canary Islands|Spain|France|England,Pearl Tenerife Hotel,Active,Pre-departure
OTB-71487,Thomas,Amy,amy_thomas@gmail.com,07120405269,2,FR3449,Ryanair,MAN,ATH,Athens,2026-05-08 09:15,2026-05-08 13:15,England|France|Italy|Greece,FR9991,Ryanair,ATH,MAN,2026-05-14 06:25,2026-05-14 10:25,Greece|Italy|France|England,Ivory Athens Beach Resort,Active,Pre-departure
OTB-48177,Roberts,Patrick,patrick_roberts46@hotmail.com,07712745501,2,BY2402,TUI,STN,SPU,Split,2026-05-09 08:40,2026-05-09 10:40,England|Germany|Austria|Croatia,BY9576,TUI,SPU,STN,2026-05-26 22:00,2026-05-27 00:00,Croatia|Austria|Germany|England,Horizon Split Resort,Active,Pre-departure
OTB-86271,Evans,Samuel,samuelevans@hotmail.com,07147605080,2,EI6546,Aer Lingus,DUB,NCE,Nice,2026-04-06 13:00,2026-04-06 16:00,Ireland|France,EI3868,Aer Lingus,NCE,DUB,2026-04-21 16:10,2026-04-21 19:10,France|Ireland,Amber Nice Hotel & Spa,Active,Returned
OTB-72049,Lee,Katie,katie_lee83@hotmail.com,07407209235,2,W61783,Wizz Air,STN,DBV,Dubrovnik,2026-04-30 06:30,2026-04-30 08:30,England|Germany|Austria|Croatia,W66438,Wizz Air,DBV,STN,2026-05-15 14:45,2026-05-15 16:45,Croatia|Austria|Germany|England,Ocean Dubrovnik Resort,Active,Currently Travelling
OTB-88964,Martin,Noah,noah.martin@outlook.com,07210163669,1,W65843,Wizz Air,FCO,ATH,Athens,2026-04-21 20:30,2026-04-22 00:30,Italy|France|Italy|Greece,EI6021,Aer Lingus,ATH,FCO,2026-05-05 21:25,2026-05-06 01:25,Greece|Italy|France|Italy,Amber Athens All-Inclusive Resort,Active,Currently Travelling
OTB-30969,Anderson,Nathan,nathan.anderson78@btinternet.com,07938927341,2,EK3068,Emirates,EDI,HER,"Heraklion, Crete",2026-04-12 06:10,2026-04-12 11:10,Scotland|France|Italy|Greece,EK2101,Emirates,HER,EDI,2026-05-09 17:30,2026-05-09 22:30,Greece|Italy|France|Scotland,Sunset Heraklion Beach Club,Active,Currently Travelling
OTB-24869,White,Lily,lily.white@yahoo.co.uk,07655924752,2,AA2929,American Airlines,NCL,AMS,Amsterdam,2026-05-08 07:50,2026-05-08 09:50,England|Netherlands,AA5288,American Airlines,AMS,NCL,2026-05-22 09:45,2026-05-22 11:45,Netherlands|England,Ocean Amsterdam Hotel & Spa,Active,Pre-departure
OTB-49315,Green,Emily,emily.green@btinternet.com,07784725186,2,BA6922,British Airways,LGW,MCO,Orlando,2026-05-10 07:55,2026-05-10 17:55,England|Atlantic Ocean|USA,BA9335,British Airways,MCO,LGW,2026-05-18 15:55,2026-05-19 01:55,USA|Atlantic Ocean|England,Sunset Orlando Resort,Active,Pre-departure
OTB-63665,Turner,Ella,ellaturner41@btinternet.com,07179634081,2,W69476,Wizz Air,BRS,SPU,Split,2026-04-08 22:15,2026-04-09 01:15,England|Germany|Austria|Croatia,W66644,Wizz Air,SPU,BRS,2026-04-22 07:10,2026-04-22 10:10,Croatia|Austria|Germany|England,Grand Split Beach Resort,Active,Returned
OTB-47230,Clark,Liam,liam.clark82@icloud.com,07394689553,1,EI5961,Aer Lingus,MAN,IBZ,Ibiza,2026-04-28 14:15,2026-04-28 16:15,England|France|Spain,BA9740,British Airways,IBZ,MAN,2026-05-11 10:30,2026-05-11 12:30,Spain|France|England,Blue Ibiza Beach Resort,Active,Currently Travelling
OTB-91016,Turner,Jessica,jessicaturner81@icloud.com,07411032572,3,LS5949,Jet2,EDI,CDG,Paris,2026-04-13 07:00,2026-04-13 08:00,Scotland|France,LS8912,Jet2,CDG,EDI,2026-05-03 13:55,2026-05-03 14:55,France|Scotland,Sunset Paris Holiday Village,Active,Currently Travelling
OTB-83616,Moore,William,william.moore@yahoo.co.uk,07231556899,2,LS5061,Jet2,NCL,MLA,Malta,2026-05-10 09:30,2026-05-10 13:30,England|France|Italy|Malta,LS3308,Jet2,MLA,NCL,2026-05-19 15:30,2026-05-19 19:30,Malta|Italy|France|England,Royal Malta Hotel,Active,Pre-departure
OTB-61543,Davies,Oliver,oliverdavies@hotmail.com,07331009561,3,EI1797,Aer Lingus,LHR,CFU,Corfu,2026-05-16 11:15,2026-05-16 15:15,England|France|Italy|Greece,W61828,Wizz Air,CFU,LHR,2026-05-29 20:45,2026-05-30 00:45,Greece|Italy|France|England,Mediterranean Corfu Hotel & Spa,Active,Pre-departure
OTB-82512,Patel,Isla,isla_patel65@yahoo.co.uk,07920772671,2,BY2946,TUI,LGW,SOF,Sofia,2026-05-09 16:35,2026-05-09 20:35,England|Germany|Austria|Bulgaria,BY3108,TUI,SOF,LGW,2026-05-16 16:00,2026-05-16 20:00,Bulgaria|Austria|Germany|England,Royal Sofia Holiday Village,Active,Pre-departure
OTB-77568,Morgan,Freddie,freddie.morgan@icloud.com,07442019016,2,LS5902,Jet2,BRS,KEF,Reykjavik,2026-05-09 06:00,2026-05-09 08:00,England|Atlantic Ocean|Iceland,LS6511,Jet2,KEF,BRS,2026-05-28 09:30,2026-05-28 11:30,Iceland|Atlantic Ocean|England,Serenity Reykjavik Beach Resort,Active,Pre-departure
OTB-16731,Thompson,Jessica,jessicathompson@icloud.com,07775410705,4,W67229,Wizz Air,EDI,MIA,Miami,2026-05-08 14:55,2026-05-09 00:55,Scotland|Atlantic Ocean|USA,AA3421,American Airlines,MIA,EDI,2026-05-14 05:50,2026-05-14 15:50,USA|Atlantic Ocean|Scotland,Sunset Miami Hotel,Active,Pre-departure
OTB-96799,Lewis,Sophia,sophia_lewis@outlook.com,07285953213,2,EZY9734,EasyJet,LBA,JFK,New York,2026-05-05 18:45,2026-05-06 01:45,England|Atlantic Ocean|USA,EZY6608,EasyJet,JFK,LBA,2026-05-21 20:00,2026-05-22 03:00,USA|Atlantic Ocean|England,Paradise New York Beach Club,Active,Pre-departure
OTB-72888,Lewis,Hannah,hannah_lewis@btinternet.com,07393622794,2,AA9899,American Airlines,STN,KEF,Reykjavik,2026-04-23 12:25,2026-04-23 15:25,England|Atlantic Ocean|Iceland,AA7220,American Airlines,KEF,STN,2026-05-11 14:20,2026-05-11 17:20,Iceland|Atlantic Ocean|England,Breeze Reykjavik Beach Club,Active,Currently Travelling
OTB-24316,Thomas,Lily,lilythomas@hotmail.com,07360337343,1,EZY9700,EasyJet,LGW,TIV,Tivat,2026-04-09 20:20,2026-04-10 00:20,England|Germany|Austria|Montenegro,EZY4697,EasyJet,TIV,LGW,2026-04-26 11:45,2026-04-26 15:45,Montenegro|Austria|Germany|England,Sunset Tivat Hotel,Active,Returned
OTB-47409,Lewis,Grace,gracelewis99@gmail.com,07800400428,3,FR9767,Ryanair,LHR,HER,"Heraklion, Crete",2026-05-03 18:55,2026-05-03 22:55,England|France|Italy|Greece,FR1611,Ryanair,HER,LHR,2026-05-23 20:40,2026-05-24 00:40,Greece|Italy|France|England,Palm Heraklion Holiday Village,Active,Pre-departure
OTB-27589,Morris,Ella,ellamorris@hotmail.com,07968457290,1,EI3662,Aer Lingus,LHR,MLA,Malta,2026-04-08 05:25,2026-04-08 08:25,England|France|Italy|Malta,DL8518,Delta Airlines,MLA,LHR,2026-04-20 08:30,2026-04-20 11:30,Malta|Italy|France|England,Ocean Malta Beach Hotel,Active,Returned
OTB-52415,Ward,Alfie,alfie.ward50@hotmail.com,07579678614,4,AA6400,American Airlines,STN,FAO,Faro,2026-05-05 21:30,2026-05-06 00:30,England|France|Spain|Portugal,AA5947,American Airlines,FAO,STN,2026-05-20 07:35,2026-05-20 10:35,Portugal|Spain|France|England,Crystal Faro All-Inclusive Resort,Active,Pre-departure
OTB-38721,Thompson,Ellie,ellie.thompson@yahoo.co.uk,07902874167,7,EZY7121,EasyJet,NCL,JFK,New York,2026-05-07 21:25,2026-05-08 05:25,England|Atlantic Ocean|USA,EZY7813,EasyJet,JFK,NCL,2026-05-15 08:55,2026-05-15 16:55,USA|Atlantic Ocean|England,Paradise New York Hotel & Spa,Active,Pre-departure
OTB-80341,Baker,Isla,isla.baker67@yahoo.co.uk,07224811770,3,BA9008,British Airways,LGW,SPU,Split,2026-04-15 07:50,2026-04-15 10:50,England|Germany|Austria|Croatia,DL2489,Delta Airlines,SPU,LGW,2026-05-10 08:00,2026-05-10 11:00,Croatia|Austria|Germany|England,Serenity Split Hotel & Spa,Active,Currently Travelling
OTB-15936,Brown,Ruby,ruby_brown@gmail.com,07681069884,8,EI2130,Aer Lingus,MAN,LCA,"Larnaca, Cyprus",2026-04-14 05:35,2026-04-14 10:35,England|France|Italy|Greece|Cyprus,EI8734,Aer Lingus,LCA,MAN,2026-05-10 13:00,2026-05-10 18:00,Cyprus|Greece|Italy|France|England,Golden Larnaca Suites,Active,Currently Travelling
OTB-61518,Lee,Olivia,olivialee29@gmail.com,07911941471,1,EK5888,Emirates,FCO,SOF,Sofia,2026-05-10 07:55,2026-05-10 11:55,Italy|Germany|Austria|Bulgaria,EK8585,Emirates,SOF,FCO,2026-05-25 22:15,2026-05-26 02:15,Bulgaria|Austria|Germany|Italy,Paradise Sofia Holiday Village,Active,Pre-departure
OTB-88352,Cooper,Harry,harrycooper@gmail.com,07362781292,4,W67590,Wizz Air,BHX,SPU,Split,2026-05-06 18:50,2026-05-06 20:50,England|Germany|Austria|Croatia,W68191,Wizz Air,SPU,BHX,2026-05-12 05:20,2026-05-12 07:20,Croatia|Austria|Germany|England,Sunset Split Beach Resort,Active,Pre-departure
OTB-46064,Hall,Ethan,ethan.hall@icloud.com,07889427990,5,LS7999,Jet2,BHX,AMS,Amsterdam,2026-05-06 15:20,2026-05-06 17:20,England|Netherlands,LS9120,Jet2,AMS,BHX,2026-05-27 14:15,2026-05-27 16:15,Netherlands|England,Golden Amsterdam Beach Club,Active,Pre-departure
OTB-83044,Turner,Ethan,ethanturner32@outlook.com,07318331154,2,EI2295,Aer Lingus,BHX,MIA,Miami,2026-04-17 12:20,2026-04-17 22:20,England|Atlantic Ocean|USA,DL8369,Delta Airlines,MIA,BHX,2026-04-25 14:15,2026-04-26 00:15,USA|Atlantic Ocean|England,Horizon Miami Resort,Active,Returned
OTB-37762,Smith,Susan,susan.smith@gmail.com,07901955461,8,BY8846,TUI,MAN,DBV,Dubrovnik,2026-05-16 22:20,2026-05-17 00:20,England|Germany|Austria|Croatia,BY4974,TUI,DBV,MAN,2026-05-21 20:20,2026-05-21 22:20,Croatia|Austria|Germany|England,Ivory Dubrovnik Apartments,Active,Pre-departure
OTB-51973,Singh,Adam,adam.singh@yahoo.co.uk,07149086585,3,BY4625,TUI,BRS,AGP,Malaga,2026-05-13 13:30,2026-05-13 16:30,England|France|Spain,W63390,Wizz Air,AGP,BRS,2026-05-27 21:40,2026-05-28 00:40,Spain|France|England,Sunrise Malaga Suites,Active,Pre-departure
OTB-74303,Young,Sean,sean_young46@hotmail.com,07250279322,4,BY9000,TUI,EDI,MRS,Marseille,2026-05-06 20:45,2026-05-06 22:45,Scotland|France,BY4015,TUI,MRS,EDI,2026-05-21 15:25,2026-05-21 17:25,France|Scotland,Paradise Marseille Hotel,Active,Pre-departure
OTB-97392,Scott,Ellie,elliescott@btinternet.com,07623829662,1,KL9719,KLM,MAN,DBV,Dubrovnik,2026-05-09 07:15,2026-05-09 09:15,England|Germany|Austria|Croatia,KL7739,KLM,DBV,MAN,2026-05-16 05:20,2026-05-16 07:20,Croatia|Austria|Germany|England,Sunrise Dubrovnik Hotel,Active,Pre-departure
OTB-45038,Clarke,Katie,katie_clarke52@yahoo.co.uk,07706666479,2,EZY4700,EasyJet,LBA,FAO,Faro,2026-05-15 08:45,2026-05-15 10:45,England|France|Spain|Portugal,EZY5914,EasyJet,FAO,LBA,2026-05-23 09:20,2026-05-23 11:20,Portugal|Spain|France|England,Blue Faro Hotel,Active,Pre-departure
OTB-40115,Williams,Susan,susan.williams@btinternet.com,07708579840,2,W61762,Wizz Air,MAN,LCA,"Larnaca, Cyprus",2026-05-14 20:35,2026-05-15 00:35,England|France|Italy|Greece|Cyprus,DL2218,Delta Airlines,LCA,MAN,2026-05-22 15:50,2026-05-22 19:50,Cyprus|Greece|Italy|France|England,Ocean Larnaca Beach Resort,Active,Pre-departure
OTB-53480,Lee,Helen,helen_lee@hotmail.com,07948790854,7,EZY2284,EasyJet,AMS,AGP,Malaga,2026-05-15 14:15,2026-05-15 16:15,Netherlands|France|Spain,EZY9204,EasyJet,AGP,AMS,2026-05-30 12:50,2026-05-30 14:50,Spain|France|Netherlands,Horizon Malaga Hotel,Active,Pre-departure
OTB-86791,Anderson,Olivia,oliviaanderson@icloud.com,07417161302,4,EK2204,Emirates,LBA,PMI,"Palma, Majorca",2026-05-15 13:40,2026-05-15 15:40,England|France|Spain,EI2344,Aer Lingus,PMI,LBA,2026-05-28 20:20,2026-05-28 22:20,Spain|France|England,Ocean Palma Beach Hotel,Active,Pre-departure
OTB-82710,King,Thomas,thomasking@gmail.com,07196227496,2,EI2524,Aer Lingus,LGW,SPU,Split,2026-05-04 19:30,2026-05-04 22:30,England|Germany|Austria|Croatia,EI6315,Aer Lingus,SPU,LGW,2026-05-07 13:10,2026-05-07 16:10,Croatia|Austria|Germany|England,Breeze Split Hotel,Active,Pre-departure
OTB-66973,Johnson,George,george_johnson@yahoo.co.uk,07940381893,1,DL5123,Delta Airlines,AMS,PMI,"Palma, Majorca",2026-05-12 17:15,2026-05-12 19:15,Netherlands|France|Spain,DL5040,Delta Airlines,PMI,AMS,2026-05-31 09:25,2026-05-31 11:25,Spain|France|Netherlands,Starlight Palma All-Inclusive Resort,Active,Pre-departure
OTB-49378,Thomas,Poppy,poppy_thomas@btinternet.com,07315662642,2,BY3910,TUI,LBA,IBZ,Ibiza,2026-04-21 15:40,2026-04-21 18:40,England|France|Spain,KL7524,KLM,IBZ,LBA,2026-05-16 15:35,2026-05-16 18:35,Spain|France|England,Azure Ibiza Suites,Active,Currently Travelling
OTB-67469,Robinson,Patrick,patrick_robinson@gmail.com,07979357576,4,EK7703,Emirates,LBA,JFK,New York,2026-04-20 22:15,2026-04-21 05:15,England|Atlantic Ocean|USA,W69180,Wizz Air,JFK,LBA,2026-05-04 22:00,2026-05-05 05:00,USA|Atlantic Ocean|England,Grand New York Suites,Active,Currently Travelling
OTB-96193,White,Michael,michaelwhite@btinternet.com,07757857890,1,EI7547,Aer Lingus,NCL,MCO,Orlando,2026-05-12 22:00,2026-05-13 08:00,England|Atlantic Ocean|USA,FR6432,Ryanair,MCO,NCL,2026-05-27 16:45,2026-05-28 02:45,USA|Atlantic Ocean|England,Pearl Orlando Resort,Active,Pre-departure
OTB-64522,Green,Charlie,charlie.green94@hotmail.com,07474015041,2,DL8460,Delta Airlines,STN,LCA,"Larnaca, Cyprus",2026-05-10 19:55,2026-05-11 00:55,England|France|Italy|Greece|Cyprus,DL4389,Delta Airlines,LCA,STN,2026-05-24 21:15,2026-05-25 02:15,Cyprus|Greece|Italy|France|England,Serenity Larnaca Hotel & Spa,Active,Pre-departure
OTB-82339,Walker,Ella,ella.walker@yahoo.co.uk,07596126873,2,EK7636,Emirates,MAN,HER,"Heraklion, Crete",2026-05-15 15:55,2026-05-15 19:55,England|France|Italy|Greece,BA4022,British Airways,HER,MAN,2026-05-21 08:55,2026-05-21 12:55,Greece|Italy|France|England,Palm Heraklion Holiday Village,Active,Pre-departure
OTB-44387,Wilson,Joshua,joshuawilson@icloud.com,07786237617,2,W67367,Wizz Air,LBA,JFK,New York,2026-05-03 13:10,2026-05-03 20:10,England|Atlantic Ocean|USA,W67431,Wizz Air,JFK,LBA,2026-05-12 08:45,2026-05-12 15:45,USA|Atlantic Ocean|England,Crystal New York Resort,Active,Pre-departure
OTB-76954,Roberts,Andrew,andrew_roberts@hotmail.com,07717193289,2,LS4043,Jet2,BHX,KRK,Krakow,2026-05-12 09:30,2026-05-12 11:30,England|Germany|Poland,LS8973,Jet2,KRK,BHX,2026-06-02 08:20,2026-06-02 10:20,Poland|Germany|England,Paradise Krakow Beach Hotel,Active,Pre-departure
OTB-63626,Morris,Ryan,ryanmorris@btinternet.com,07576582183,2,LS2354,Jet2,NCL,IBZ,Ibiza,2026-05-12 05:40,2026-05-12 08:40,England|France|Spain,DL1505,Delta Airlines,IBZ,NCL,2026-05-16 09:20,2026-05-16 12:20,Spain|France|England,Sunset Ibiza Suites,Active,Pre-departure
OTB-67850,Murphy,Adam,adammurphy55@gmail.com,07890261845,4,LS5055,Jet2,NCL,FAO,Faro,2026-05-11 08:25,2026-05-11 10:25,England|France|Spain|Portugal,LS5877,Jet2,FAO,NCL,2026-05-30 22:30,2026-05-31 00:30,Portugal|Spain|France|England,Golden Faro Hotel & Spa,Active,Pre-departure
OTB-17780,Robinson,Katie,katierobinson@outlook.com,07740871060,2,W66302,Wizz Air,DUB,AMS,Amsterdam,2026-05-15 16:50,2026-05-15 17:50,Ireland|Netherlands,W65794,Wizz Air,AMS,DUB,2026-05-25 18:15,2026-05-25 19:15,Netherlands|Ireland,Mediterranean Amsterdam All-Inclusive Resort,Active,Pre-departure
OTB-74154,Wood,Matthew,matthew.wood@outlook.com,07774108885,2,LS8405,Jet2,FCO,AMS,Amsterdam,2026-05-03 09:20,2026-05-03 10:20,Italy|Netherlands,LS2237,Jet2,AMS,FCO,2026-05-14 09:30,2026-05-14 10:30,Netherlands|Italy,Blue Amsterdam Holiday Village,Active,Pre-departure
OTB-37767,Ali,Logan,logan_ali37@outlook.com,07687670209,3,W68951,Wizz Air,BCN,AGP,Malaga,2026-05-12 19:55,2026-05-12 21:55,Spain|France|Spain,W66631,Wizz Air,AGP,BCN,2026-05-15 16:10,2026-05-15 18:10,Spain|France|Spain,Golden Malaga Hotel,Active,Pre-departure
OTB-57242,Young,Noah,noah_young86@btinternet.com,07277731206,1,EZY6005,EasyJet,LHR,SOF,Sofia,2026-05-10 18:20,2026-05-10 21:20,England|Germany|Austria|Bulgaria,BY4836,TUI,SOF,LHR,2026-05-27 09:55,2026-05-27 12:55,Bulgaria|Austria|Germany|England,Pearl Sofia Resort,Active,Pre-departure
OTB-72613,Thomas,Andrew,andrew.thomas12@btinternet.com,07965389567,1,FR6133,Ryanair,STN,HER,"Heraklion, Crete",2026-04-15 05:00,2026-04-15 10:00,England|France|Italy|Greece,EI7022,Aer Lingus,HER,STN,2026-05-13 15:10,2026-05-13 20:10,Greece|Italy|France|England,Mediterranean Heraklion Beach Hotel,Active,Currently Travelling
OTB-99989,Allen,Ethan,ethan_allen@gmail.com,07207873599,1,KL3017,KLM,AMS,SPU,Split,2026-05-04 10:40,2026-05-04 12:40,Netherlands|Germany|Austria|Croatia,KL7291,KLM,SPU,AMS,2026-05-23 16:20,2026-05-23 18:20,Croatia|Austria|Germany|Netherlands,Horizon Split Holiday Village,Active,Pre-departure
OTB-17152,Young,Grace,grace.young@gmail.com,07358859561,2,KL2163,KLM,BRS,FAO,Faro,2026-05-12 14:20,2026-05-12 16:20,England|France|Spain|Portugal,KL9655,KLM,FAO,BRS,2026-05-24 21:50,2026-05-24 23:50,Portugal|Spain|France|England,Sunrise Faro Beach Club,Active,Pre-departure
OTB-62163,Khan,Jack,jackkhan92@icloud.com,07923678093,2,EI7590,Aer Lingus,LHR,CFU,Corfu,2026-04-01 05:50,2026-04-01 08:50,England|France|Italy|Greece,EI2350,Aer Lingus,CFU,LHR,2026-04-19 07:00,2026-04-19 10:00,Greece|Italy|France|England,Paradise Corfu Beach Resort,Active,Returned
OTB-41278,Sharma,Sean,sean.sharma56@gmail.com,07586804311,3,FR1901,Ryanair,STN,FAO,Faro,2026-04-27 17:50,2026-04-27 20:50,England|France|Spain|Portugal,FR6067,Ryanair,FAO,STN,2026-05-11 07:25,2026-05-11 10:25,Portugal|Spain|France|England,Palm Faro Resort,Active,Currently Travelling
OTB-53910,Jones,Helen,helen_jones9@outlook.com,07864851260,7,LS2262,Jet2,EDI,MLA,Malta,2026-05-11 10:30,2026-05-11 14:30,Scotland|France|Italy|Malta,LS9128,Jet2,MLA,EDI,2026-05-30 09:25,2026-05-30 13:25,Malta|Italy|France|Scotland,Amber Malta Beach Resort,Active,Pre-departure
OTB-57707,Ward,Harry,harry_ward@hotmail.com,07137971349,3,LS7870,Jet2,BHX,CFU,Corfu,2026-05-15 12:45,2026-05-15 15:45,England|France|Italy|Greece,LS4678,Jet2,CFU,BHX,2026-05-21 05:00,2026-05-21 08:00,Greece|Italy|France|England,Azure Corfu Apartments,Active,Pre-departure
OTB-50723,Ryan,Grace,grace_ryan59@gmail.com,07496124146,2,FR5979,Ryanair,LGW,MIA,Miami,2026-05-11 12:45,2026-05-11 21:45,England|Atlantic Ocean|USA,FR4974,Ryanair,MIA,LGW,2026-05-15 06:35,2026-05-15 15:35,USA|Atlantic Ocean|England,Amber Miami Beach Club,Active,Pre-departure
OTB-10191,Harris,James,jamesharris@btinternet.com,07880841206,2,DL4361,Delta Airlines,STN,TFS,Tenerife,2026-05-05 05:20,2026-05-05 10:20,England|France|Spain|Canary Islands,DL9680,Delta Airlines,TFS,STN,2026-05-08 22:30,2026-05-09 03:30,Canary Islands|Spain|France|England,Sunset Tenerife Holiday Village,Active,Pre-departure
OTB-19808,Wood,Katie,katiewood@yahoo.co.uk,07811293744,6,BY4879,TUI,STN,IBZ,Ibiza,2026-05-16 16:40,2026-05-16 19:40,England|France|Spain,BY5778,TUI,IBZ,STN,2026-06-04 07:50,2026-06-04 10:50,Spain|France|England,Ocean Ibiza Beach Club,Active,Pre-departure
OTB-56961,Lee,Jacob,jacob.lee@yahoo.co.uk,07384550090,5,EK2481,Emirates,STN,AGP,Malaga,2026-04-21 08:15,2026-04-21 10:15,England|France|Spain,EK3582,Emirates,AGP,STN,2026-04-30 08:15,2026-04-30 10:15,Spain|France|England,Mediterranean Malaga All-Inclusive Resort,Active,Returned
OTB-42748,King,Nathan,nathan.king@hotmail.com,07230409444,1,LS4641,Jet2,STN,TIV,Tivat,2026-05-08 14:25,2026-05-08 17:25,England|Germany|Austria|Montenegro,DL3141,Delta Airlines,TIV,STN,2026-05-23 10:00,2026-05-23 13:00,Montenegro|Austria|Germany|England,Coral Tivat Holiday Village,Active,Pre-departure
OTB-85220,Henderson,Emma,emma_henderson@yahoo.co.uk,07632711663,1,AA7990,American Airlines,LGW,CUN,Cancun,2026-05-03 19:15,2026-05-04 05:15,England|Atlantic Ocean|Mexico,EZY3831,EasyJet,CUN,LGW,2026-05-08 07:30,2026-05-08 17:30,Mexico|Atlantic Ocean|England,Horizon Cancun Apartments,Active,Pre-departure
OTB-94233,Wright,Ethan,ethanwright70@gmail.com,07510704185,4,LS6883,Jet2,STN,HER,"Heraklion, Crete",2026-04-09 18:45,2026-04-09 23:45,England|France|Italy|Greece,LS8859,Jet2,HER,STN,2026-04-21 20:00,2026-04-22 01:00,Greece|Italy|France|England,Paradise Heraklion Hotel & Spa,Active,Returned
OTB-23124,Johnson,Mia,mia.johnson@outlook.com,07673044801,4,EI1916,Aer Lingus,MAN,LYS,Lyon,2026-05-08 13:00,2026-05-08 14:00,England|France,EI4594,Aer Lingus,LYS,MAN,2026-05-18 20:45,2026-05-18 21:45,France|England,Crystal Lyon Holiday Village,Active,Pre-departure
OTB-33010,Hall,Emily,emily_hall8@hotmail.com,07746030501,2,LS9625,Jet2,EDI,SPU,Split,2026-05-15 16:50,2026-05-15 18:50,Scotland|Germany|Austria|Croatia,W68831,Wizz Air,SPU,EDI,2026-05-29 09:50,2026-05-29 11:50,Croatia|Austria|Germany|Scotland,Sunrise Split Beach Club,Active,Pre-departure
OTB-86810,Wood,Luke,luke.wood@outlook.com,07246513857,7,EK8157,Emirates,EDI,IBZ,Ibiza,2026-04-28 09:10,2026-04-28 11:10,Scotland|France|Spain,EK8982,Emirates,IBZ,EDI,2026-05-01 21:30,2026-05-01 23:30,Spain|France|Scotland,Azure Ibiza Beach Hotel,Active,Returned
OTB-14244,Baker,Michael,michael.baker@icloud.com,07337184468,3,BA2705,British Airways,LHR,LYS,Lyon,2026-04-19 09:15,2026-04-19 11:15,England|France,BA9129,British Airways,LYS,LHR,2026-05-07 05:50,2026-05-07 07:50,France|England,Grand Lyon Beach Club,Active,Currently Travelling
OTB-43640,Clarke,George,george.clarke@gmail.com,07514396801,2,LS7875,Jet2,LGW,AGP,Malaga,2026-04-11 19:00,2026-04-11 22:00,England|France|Spain,LS3725,Jet2,AGP,LGW,2026-05-14 13:20,2026-05-14 16:20,Spain|France|England,Pearl Malaga Hotel & Spa,Active,Currently Travelling
OTB-59212,Johnson,Daniel,daniel.johnson@icloud.com,07199970392,2,FR8909,Ryanair,STN,ATH,Athens,2026-04-12 06:25,2026-04-12 09:25,England|France|Italy|Greece,FR1507,Ryanair,ATH,STN,2026-04-29 05:30,2026-04-29 08:30,Greece|Italy|France|England,Pearl Athens Beach Hotel,Active,Returned
OTB-74349,King,Jessica,jessica.king1@yahoo.co.uk,07194090232,2,FR8869,Ryanair,STN,MLA,Malta,2026-04-18 14:25,2026-04-18 18:25,England|France|Italy|Malta,FR4271,Ryanair,MLA,STN,2026-05-14 12:10,2026-05-14 16:10,Malta|Italy|France|England,Royal Malta Hotel,Active,Currently Travelling
OTB-59996,Stewart,William,william_stewart6@outlook.com,07572167680,2,W64706,Wizz Air,BHX,CUN,Cancun,2026-05-15 20:55,2026-05-16 07:55,England|Atlantic Ocean|Mexico,W65400,Wizz Air,CUN,BHX,2026-05-30 13:10,2026-05-31 00:10,Mexico|Atlantic Ocean|England,Crystal Cancun Hotel,Active,Pre-departure
OTB-72236,Henderson,Victoria,victoriahenderson@yahoo.co.uk,07420890008,1,FR1568,Ryanair,BRS,CUN,Cancun,2026-05-09 22:00,2026-05-10 08:00,England|Atlantic Ocean|Mexico,FR9226,Ryanair,CUN,BRS,2026-05-30 17:45,2026-05-31 03:45,Mexico|Atlantic Ocean|England,Crystal Cancun Beach Resort,Active,Pre-departure
OTB-36465,Martin,Matthew,matthewmartin77@outlook.com,07443328397,5,FR2097,Ryanair,FCO,JFK,New York,2026-04-26 11:15,2026-04-26 18:15,Italy|Atlantic Ocean|USA,FR2425,Ryanair,JFK,FCO,2026-05-05 06:35,2026-05-05 13:35,USA|Atlantic Ocean|Italy,Breeze New York Beach Resort,Active,Currently Travelling
OTB-23845,Henderson,Charlie,charliehenderson@outlook.com,07675132064,5,DL7732,Delta Airlines,MAN,FAO,Faro,2026-05-15 08:35,2026-05-15 11:35,England|France|Spain|Portugal,DL5327,Delta Airlines,FAO,MAN,2026-06-05 09:15,2026-06-05 12:15,Portugal|Spain|France|England,Breeze Faro Hotel & Spa,Active,Pre-departure
OTB-49722,Khan,Katie,katie_khan63@btinternet.com,07835354265,1,BY4734,TUI,LBA,IBZ,Ibiza,2026-05-03 12:00,2026-05-03 15:00,England|France|Spain,BY3201,TUI,IBZ,LBA,2026-05-18 20:25,2026-05-18 23:25,Spain|France|England,Mediterranean Ibiza Hotel & Spa,Active,Pre-departure
OTB-50779,Brown,Emma,emmabrown@hotmail.com,07938073130,5,AA1474,American Airlines,STN,ATH,Athens,2026-04-17 20:45,2026-04-18 00:45,England|France|Italy|Greece,AA3846,American Airlines,ATH,STN,2026-05-06 16:00,2026-05-06 20:00,Greece|Italy|France|England,Coral Athens Apartments,Active,Currently Travelling
OTB-87862,Morris,William,william_morris61@icloud.com,07691990078,2,EZY3679,EasyJet,AMS,HER,"Heraklion, Crete",2026-04-23 21:35,2026-04-24 02:35,Netherlands|France|Italy|Greece,EZY5237,EasyJet,HER,AMS,2026-05-08 08:55,2026-05-08 13:55,Greece|Italy|France|Netherlands,Blue Heraklion Suites,Active,Currently Travelling
OTB-94852,Thomas,Susan,susan.thomas@gmail.com,07340271240,2,BA6004,British Airways,AMS,CFU,Corfu,2026-05-13 18:45,2026-05-13 22:45,Netherlands|France|Italy|Greece,,,CFU,AMS,,,,Ocean Corfu Holiday Village,Active,Pre-departure
OTB-89829,Morgan,Ryan,ryan_morgan14@yahoo.co.uk,07168544512,2,BY5529,TUI,BHX,LIS,Lisbon,2026-04-02 08:00,2026-04-02 11:00,England|Atlantic Ocean|Portugal,DL6327,Delta Airlines,LIS,BHX,2026-04-21 21:55,2026-04-22 00:55,Portugal|Atlantic Ocean|England,Ocean Lisbon Suites,Active,Returned
OTB-64862,Hughes,Grace,grace_hughes@gmail.com,07726016935,4,BA4111,British Airways,STN,KEF,Reykjavik,2026-04-30 15:55,2026-04-30 18:55,England|Atlantic Ocean|Iceland,BA6622,British Airways,KEF,STN,2026-05-15 09:00,2026-05-15 12:00,Iceland|Atlantic Ocean|England,Sunset Reykjavik Beach Resort,Active,Currently Travelling
OTB-33995,Walsh,Sophia,sophiawalsh@btinternet.com,07195884955,2,EK4659,Emirates,LHR,RHO,Rhodes,2026-04-14 08:40,2026-04-14 13:40,England|France|Italy|Greece,EK6031,Emirates,RHO,LHR,2026-05-05 09:25,2026-05-05 14:25,Greece|Italy|France|England,Pearl Rhodes Beach Club,Active,Currently Travelling
OTB-63633,Harris,Isla,islaharris@yahoo.co.uk,07253785761,2,FR3954,Ryanair,LGW,MRS,Marseille,2026-05-10 17:45,2026-05-10 19:45,England|France,LS2324,Jet2,MRS,LGW,2026-05-19 14:35,2026-05-19 16:35,France|England,Starlight Marseille Beach Club,Active,Pre-departure
OTB-62873,Martin,Samuel,samuel_martin@yahoo.co.uk,07105013454,1,EZY4267,EasyJet,BHX,RHO,Rhodes,2026-04-25 10:40,2026-04-25 14:40,England|France|Italy|Greece,EZY7112,EasyJet,RHO,BHX,2026-05-15 07:15,2026-05-15 11:15,Greece|Italy|France|England,Sunrise Rhodes Beach Club,Active,Currently Travelling
OTB-18557,Johnson,Amelia,amelia.johnson38@yahoo.co.uk,07881503560,2,KL9587,KLM,STN,NCE,Nice,2026-04-24 14:15,2026-04-24 17:15,England|France,KL6535,KLM,NCE,STN,2026-05-14 08:35,2026-05-14 11:35,France|England,Pearl Nice Beach Hotel,Active,Currently Travelling
OTB-14897,Young,Patrick,patrick_young@outlook.com,07928123020,2,BA1796,British Airways,LBA,KEF,Reykjavik,2026-05-03 09:20,2026-05-03 11:20,England|Atlantic Ocean|Iceland,BA1785,British Airways,KEF,LBA,2026-05-13 05:50,2026-05-13 07:50,Iceland|Atlantic Ocean|England,Royal Reykjavik Hotel,Active,Pre-departure
OTB-27978,Morgan,Ellie,ellie_morgan@gmail.com,07649309976,4,EI2928,Aer Lingus,BHX,HER,"Heraklion, Crete",2026-05-10 05:25,2026-05-10 09:25,England|France|Italy|Greece,EI5631,Aer Lingus,HER,BHX,2026-05-17 18:55,2026-05-17 22:55,Greece|Italy|France|England,Royal Heraklion Resort,Active,Pre-departure
OTB-40737,Harris,Charlotte,charlotte.harris12@gmail.com,07996823706,3,DL9095,Delta Airlines,BCN,MIA,Miami,2026-05-14 10:00,2026-05-14 20:00,Spain|Atlantic Ocean|USA,DL3443,Delta Airlines,MIA,BCN,2026-05-30 22:40,2026-05-31 08:40,USA|Atlantic Ocean|Spain,Blue Miami Beach Resort,Active,Pre-departure
OTB-25191,O'Brien,Logan,logan.o'brien@gmail.com,07110385578,5,KL3793,KLM,BHX,MIA,Miami,2026-05-07 08:15,2026-05-07 17:15,England|Atlantic Ocean|USA,KL6384,KLM,MIA,BHX,2026-05-24 06:25,2026-05-24 15:25,USA|Atlantic Ocean|England,Horizon Miami Hotel & Spa,Active,Pre-departure
OTB-24818,Johnson,Laura,laura.johnson@gmail.com,07271149511,1,EK8908,Emirates,LHR,PMI,"Palma, Majorca",2026-04-15 19:25,2026-04-15 22:25,England|France|Spain,EK8178,Emirates,PMI,LHR,2026-04-30 17:40,2026-04-30 20:40,Spain|France|England,Palm Palma All-Inclusive Resort,Active,Returned
OTB-98857,Campbell,Patrick,patrickcampbell@icloud.com,07877145921,3,KL6542,KLM,AMS,MLA,Malta,2026-05-10 18:40,2026-05-10 21:40,Netherlands|France|Italy|Malta,KL9504,KLM,MLA,AMS,2026-05-28 06:10,2026-05-28 09:10,Malta|Italy|France|Netherlands,Serenity Malta All-Inclusive Resort,Active,Pre-departure
OTB-74441,Walsh,George,george_walsh36@gmail.com,07644311226,2,W67203,Wizz Air,LBA,JFK,New York,2026-05-05 05:55,2026-05-05 12:55,England|Atlantic Ocean|USA,LS7607,Jet2,JFK,LBA,2026-05-25 10:45,2026-05-25 17:45,USA|Atlantic Ocean|England,Sunset New York Resort,Active,Pre-departure
OTB-21913,Smith,Sophia,sophiasmith@btinternet.com,07427059567,5,FR4389,Ryanair,FCO,SOF,Sofia,2026-05-08 05:10,2026-05-08 09:10,Italy|Germany|Austria|Bulgaria,,,SOF,FCO,,,,Amber Sofia Beach Club,Active,Pre-departure
OTB-59006,Clark,Sophia,sophiaclark22@yahoo.co.uk,07250806165,4,W67704,Wizz Air,NCL,TFS,Tenerife,2026-05-14 08:10,2026-05-14 13:10,England|France|Spain|Canary Islands,BY2752,TUI,TFS,NCL,2026-05-28 12:00,2026-05-28 17:00,Canary Islands|Spain|France|England,Ocean Tenerife All-Inclusive Resort,Active,Pre-departure
OTB-75382,Thomas,Chloe,chloe.thomas@gmail.com,07694022242,6,BA8912,British Airways,STN,ATH,Athens,2026-05-14 18:00,2026-05-14 21:00,England|France|Italy|Greece,BA9328,British Airways,ATH,STN,2026-05-27 08:40,2026-05-27 11:40,Greece|Italy|France|England,Palm Athens All-Inclusive Resort,Active,Pre-departure
OTB-64099,Thomas,Alfie,alfiethomas@btinternet.com,07650072167,2,EI9975,Aer Lingus,EDI,DBV,Dubrovnik,2026-05-11 12:25,2026-05-11 15:25,Scotland|Germany|Austria|Croatia,EI6143,Aer Lingus,DBV,EDI,2026-05-26 17:30,2026-05-26 20:30,Croatia|Austria|Germany|Scotland,Paradise Dubrovnik Apartments,Active,Pre-departure
OTB-79979,O'Brien,Matthew,matthew_o'brien@yahoo.co.uk,07967910655,1,KL2744,KLM,LHR,MIA,Miami,2026-05-14 08:30,2026-05-14 18:30,England|Atlantic Ocean|USA,EI1414,Aer Lingus,MIA,LHR,2026-05-22 22:40,2026-05-23 08:40,USA|Atlantic Ocean|England,Breeze Miami Beach Hotel,Active,Pre-departure
OTB-83647,Anderson,Victoria,victoria.anderson@icloud.com,07517563874,2,LS5712,Jet2,BCN,FAO,Faro,2026-05-05 11:45,2026-05-05 14:45,Spain|France|Spain|Portugal,LS1769,Jet2,FAO,BCN,2026-05-09 06:30,2026-05-09 09:30,Portugal|Spain|France|Spain,Breeze Faro Holiday Village,Active,Pre-departure
OTB-68827,Green,Isla,isla.green@gmail.com,07300764570,6,DL9418,Delta Airlines,BHX,TIV,Tivat,2026-05-06 16:50,2026-05-06 19:50,England|Germany|Austria|Montenegro,DL2955,Delta Airlines,TIV,BHX,2026-05-23 22:50,2026-05-24 01:50,Montenegro|Austria|Germany|England,Breeze Tivat Hotel,Active,Pre-departure
OTB-96755,Allen,Samuel,samuel_allen@icloud.com,07690729993,2,LS6207,Jet2,BHX,CDG,Paris,2026-05-03 09:00,2026-05-03 11:00,England|France,LS9608,Jet2,CDG,BHX,2026-05-16 09:30,2026-05-16 11:30,France|England,Sunset Paris Beach Hotel,Active,Pre-departure
OTB-79533,Allen,Adam,adam_allen@btinternet.com,07109452902,1,EI6668,Aer Lingus,LBA,SPU,Split,2026-05-04 11:55,2026-05-04 13:55,England|Germany|Austria|Croatia,EI8301,Aer Lingus,SPU,LBA,2026-05-18 15:30,2026-05-18 17:30,Croatia|Austria|Germany|England,Sunset Split All-Inclusive Resort,Active,Pre-departure
OTB-76680,Ahmed,Chloe,chloe_ahmed@outlook.com,07799573076,2,KL9419,KLM,FCO,MLA,Malta,2026-04-13 13:45,2026-04-13 17:45,Italy|France|Italy|Malta,EK2349,Emirates,MLA,FCO,2026-04-19 14:00,2026-04-19 18:00,Malta|Italy|France|Italy,Royal Malta Beach Hotel,Active,Returned
OTB-70191,Jones,Freddie,freddiejones@gmail.com,07178649475,1,EZY5127,EasyJet,STN,KRK,Krakow,2026-04-12 08:20,2026-04-12 11:20,England|Germany|Poland,KL2154,KLM,KRK,STN,2026-04-21 22:35,2026-04-22 01:35,Poland|Germany|England,Crystal Krakow Apartments,Active,Returned
OTB-56884,Brown,Rebecca,rebeccabrown88@outlook.com,07751295118,1,KL8170,KLM,EDI,HER,"Heraklion, Crete",2026-04-16 22:00,2026-04-17 02:00,Scotland|France|Italy|Greece,,,HER,EDI,,,,Breeze Heraklion Holiday Village,Active,Returned
OTB-26152,Roberts,Sophia,sophia.roberts77@yahoo.co.uk,07676762622,2,DL2394,Delta Airlines,LBA,IBZ,Ibiza,2026-04-14 14:55,2026-04-14 16:55,England|France|Spain,DL5992,Delta Airlines,IBZ,LBA,2026-05-07 16:00,2026-05-07 18:00,Spain|France|England,Coral Ibiza Beach Club,Active,Currently Travelling
OTB-22871,Hughes,George,george.hughes@yahoo.co.uk,07455248480,2,LS4842,Jet2,BHX,DUB,Dublin,2026-05-06 06:45,2026-05-06 07:45,England|Ireland,LS2639,Jet2,DUB,BHX,2026-05-12 19:55,2026-05-12 20:55,Ireland|England,Mediterranean Dublin All-Inclusive Resort,Active,Pre-departure
OTB-39035,Khan,Isabella,isabellakhan@yahoo.co.uk,07397082704,4,W63200,Wizz Air,BHX,HER,"Heraklion, Crete",2026-05-14 16:30,2026-05-14 20:30,England|France|Italy|Greece,,,HER,BHX,,,,Azure Heraklion Hotel & Spa,Active,Pre-departure
OTB-12441,Brown,Sean,seanbrown@icloud.com,07721589989,2,W64485,Wizz Air,LHR,FAO,Faro,2026-05-13 09:45,2026-05-13 12:45,England|France|Spain|Portugal,W61600,Wizz Air,FAO,LHR,2026-05-18 11:25,2026-05-18 14:25,Portugal|Spain|France|England,Paradise Faro Suites,Active,Pre-departure
OTB-41310,Mitchell,James,jamesmitchell@icloud.com,07250721880,2,KL3935,KLM,EDI,LIS,Lisbon,2026-05-09 09:40,2026-05-09 12:40,Scotland|Atlantic Ocean|Portugal,KL3395,KLM,LIS,EDI,2026-05-19 21:45,2026-05-20 00:45,Portugal|Atlantic Ocean|Scotland,Starlight Lisbon Beach Club,Active,Pre-departure
OTB-23529,Lewis,Ryan,ryanlewis@btinternet.com,07990826848,2,FR5314,Ryanair,STN,SPU,Split,2026-05-03 17:40,2026-05-03 20:40,England|Germany|Austria|Croatia,,,SPU,STN,,,,Crystal Split Beach Resort,Active,Pre-departure
OTB-89195,Ward,Sarah,sarah.ward@hotmail.com,07572337634,2,EK2263,Emirates,LGW,ATH,Athens,2026-05-11 12:45,2026-05-11 16:45,England|France|Italy|Greece,EK9430,Emirates,ATH,LGW,2026-05-22 17:30,2026-05-22 21:30,Greece|Italy|France|England,Ocean Athens Apartments,Active,Pre-departure
OTB-12942,Turner,Amy,amy.turner74@icloud.com,07273011097,1,FR9399,Ryanair,LBA,CFU,Corfu,2026-05-15 20:55,2026-05-15 23:55,England|France|Italy|Greece,FR1642,Ryanair,CFU,LBA,2026-05-28 20:40,2026-05-28 23:40,Greece|Italy|France|England,Crystal Corfu Beach Hotel,Active,Pre-departure
OTB-86368,Khan,Freddie,freddie.khan@icloud.com,07384026939,2,DL6614,Delta Airlines,DUB,IBZ,Ibiza,2026-05-14 11:40,2026-05-14 13:40,Ireland|France|Spain,AA8429,American Airlines,IBZ,DUB,2026-05-26 20:40,2026-05-26 22:40,Spain|France|Ireland,Ivory Ibiza All-Inclusive Resort,Active,Pre-departure
OTB-79655,Stewart,Harry,harrystewart@gmail.com,07617802256,3,FR9835,Ryanair,BRS,IBZ,Ibiza,2026-05-16 09:50,2026-05-16 12:50,England|France|Spain,FR1019,Ryanair,IBZ,BRS,2026-06-04 08:15,2026-06-04 11:15,Spain|France|England,Pearl Ibiza Beach Resort,Active,Pre-departure
OTB-47128,Davies,Rebecca,rebeccadavies@yahoo.co.uk,07376815988,2,BA1116,British Airways,FCO,LIS,Lisbon,2026-05-15 08:35,2026-05-15 11:35,Italy|Atlantic Ocean|Portugal,BA9561,British Airways,LIS,FCO,2026-05-30 09:25,2026-05-30 12:25,Portugal|Atlantic Ocean|Italy,Royal Lisbon Beach Resort,Active,Pre-departure
OTB-36698,Wood,Matthew,matthew_wood@icloud.com,07618045811,2,EI8925,Aer Lingus,LHR,MIA,Miami,2026-05-09 13:45,2026-05-09 23:45,England|Atlantic Ocean|USA,EI5157,Aer Lingus,MIA,LHR,2026-05-30 18:50,2026-05-31 04:50,USA|Atlantic Ocean|England,Mediterranean Miami All-Inclusive Resort,Active,Pre-departure
OTB-16822,Carter,Matthew,matthew.carter@btinternet.com,07105680775,4,KL3381,KLM,STN,JFK,New York,2026-05-10 11:45,2026-05-10 18:45,England|Atlantic Ocean|USA,KL8727,KLM,JFK,STN,2026-05-18 17:30,2026-05-19 00:30,USA|Atlantic Ocean|England,Ivory New York Holiday Village,Active,Pre-departure
OTB-77915,Mitchell,Rebecca,rebecca_mitchell77@icloud.com,07653850668,3,FR3776,Ryanair,LBA,AGP,Malaga,2026-05-09 06:15,2026-05-09 09:15,England|France|Spain,,,AGP,LBA,,,,Golden Malaga Beach Club,Active,Pre-departure
OTB-83284,Singh,Sean,seansingh@outlook.com,07342982954,3,FR4187,Ryanair,FCO,IBZ,Ibiza,2026-05-08 11:45,2026-05-08 14:45,Italy|France|Spain,FR8450,Ryanair,IBZ,FCO,2026-05-23 05:10,2026-05-23 08:10,Spain|France|Italy,Breeze Ibiza All-Inclusive Resort,Active,Pre-departure
OTB-73390,Baker,Benjamin,benjamin.baker@yahoo.co.uk,07831856709,2,FR1448,Ryanair,BRS,LCA,"Larnaca, Cyprus",2026-05-07 21:25,2026-05-08 01:25,England|France|Italy|Greece|Cyprus,FR8896,Ryanair,LCA,BRS,2026-05-20 22:50,2026-05-21 02:50,Cyprus|Greece|Italy|France|England,Royal Larnaca Suites,Active,Pre-departure
OTB-82686,Brown,Daniel,daniel.brown@outlook.com,07334683594,5,KL5408,KLM,EDI,JFK,New York,2026-05-09 13:20,2026-05-09 20:20,Scotland|Atlantic Ocean|USA,KL3994,KLM,JFK,EDI,2026-05-23 14:10,2026-05-23 21:10,USA|Atlantic Ocean|Scotland,Coral New York Hotel & Spa,Active,Pre-departure
OTB-90455,Morris,Luke,luke.morris@icloud.com,07145379683,4,BY7081,TUI,STN,TFS,Tenerife,2026-04-24 09:10,2026-04-24 14:10,England|France|Spain|Canary Islands,BY6167,TUI,TFS,STN,2026-05-16 08:10,2026-05-16 13:10,Canary Islands|Spain|France|England,Starlight Tenerife All-Inclusive Resort,Active,Currently Travelling
OTB-77922,Wilson,Joshua,joshua_wilson@gmail.com,07112691606,3,BY7216,TUI,LHR,LCA,"Larnaca, Cyprus",2026-04-12 20:45,2026-04-13 01:45,England|France|Italy|Greece|Cyprus,LS2650,Jet2,LCA,LHR,2026-05-01 06:45,2026-05-01 11:45,Cyprus|Greece|Italy|France|England,Azure Larnaca Beach Club,Active,Returned
OTB-57851,Patel,Adam,adam_patel24@icloud.com,07240809604,7,BY4744,TUI,NCL,LCA,"Larnaca, Cyprus",2026-04-12 10:40,2026-04-12 15:40,England|France|Italy|Greece|Cyprus,BY2636,TUI,LCA,NCL,2026-05-08 18:20,2026-05-08 23:20,Cyprus|Greece|Italy|France|England,Ocean Larnaca Apartments,Active,Currently Travelling
OTB-49326,Morris,Sarah,sarah_morris@icloud.com,07151227475,2,LS3676,Jet2,LHR,DUB,Dublin,2026-05-10 18:40,2026-05-10 19:40,England|Ireland,LS1983,Jet2,DUB,LHR,2026-05-13 09:55,2026-05-13 10:55,Ireland|England,Coral Dublin Suites,Active,Pre-departure
OTB-85609,Wright,Poppy,poppywright@icloud.com,07287409640,7,EK5663,Emirates,EDI,MCO,Orlando,2026-05-11 16:00,2026-05-12 02:00,Scotland|Atlantic Ocean|USA,EK6818,Emirates,MCO,EDI,2026-05-31 18:10,2026-06-01 04:10,USA|Atlantic Ocean|Scotland,Azure Orlando Beach Resort,Active,Pre-departure
OTB-95591,Lewis,Mohammed,mohammed_lewis@icloud.com,07792181541,2,EI8289,Aer Lingus,NCL,CUN,Cancun,2026-05-13 15:35,2026-05-14 01:35,England|Atlantic Ocean|Mexico,EI6950,Aer Lingus,CUN,NCL,2026-05-20 17:10,2026-05-21 03:10,Mexico|Atlantic Ocean|England,Crystal Cancun Beach Resort,Active,Pre-departure
OTB-13455,Taylor,Sophia,sophia_taylor@gmail.com,07211592272,2,EZY3544,EasyJet,STN,IBZ,Ibiza,2026-04-10 11:15,2026-04-10 13:15,England|France|Spain,W62381,Wizz Air,IBZ,STN,2026-04-21 17:10,2026-04-21 19:10,Spain|France|England,Breeze Ibiza Suites,Active,Returned
OTB-45705,Lee,Victoria,victorialee@btinternet.com,07679055622,2,KL8480,KLM,BRS,MCO,Orlando,2026-05-16 06:55,2026-05-16 15:55,England|Atlantic Ocean|USA,KL8126,KLM,MCO,BRS,2026-05-24 16:30,2026-05-25 01:30,USA|Atlantic Ocean|England,Serenity Orlando Beach Resort,Active,Pre-departure
OTB-27865,Walsh,Katie,katie_walsh69@gmail.com,07838487369,6,BA8816,British Airways,NCL,LCA,"Larnaca, Cyprus",2026-05-07 13:15,2026-05-07 18:15,England|France|Italy|Greece|Cyprus,,,LCA,NCL,,,,Mediterranean Larnaca Hotel,Active,Pre-departure
OTB-61081,Young,Nathan,nathan_young11@yahoo.co.uk,07771435478,2,BA5454,British Airways,BRS,KRK,Krakow,2026-04-20 22:35,2026-04-21 01:35,England|Germany|Poland,BA5664,British Airways,KRK,BRS,2026-05-06 17:20,2026-05-06 20:20,Poland|Germany|England,Paradise Krakow Suites,Active,Currently Travelling
OTB-46977,Evans,Olivia,olivia_evans57@btinternet.com,07108809073,2,LS3468,Jet2,NCL,DUB,Dublin,2026-05-12 20:20,2026-05-12 22:20,England|Ireland,EZY1241,EasyJet,DUB,NCL,2026-05-29 15:00,2026-05-29 17:00,Ireland|England,Starlight Dublin Apartments,Active,Pre-departure
OTB-42778,Singh,Helen,helen_singh@gmail.com,07924790131,4,EK7304,Emirates,MAN,HER,"Heraklion, Crete",2026-05-08 06:25,2026-05-08 10:25,England|France|Italy|Greece,EK8257,Emirates,HER,MAN,2026-05-13 17:10,2026-05-13 21:10,Greece|Italy|France|England,Sunset Heraklion Hotel,Active,Pre-departure
OTB-36047,Hall,Samuel,samuel_hall@btinternet.com,07333848350,7,DL4866,Delta Airlines,STN,CUN,Cancun,2026-05-10 15:15,2026-05-11 02:15,England|Atlantic Ocean|Mexico,DL8113,Delta Airlines,CUN,STN,2026-05-25 06:45,2026-05-25 17:45,Mexico|Atlantic Ocean|England,Azure Cancun Hotel,Active,Pre-departure
OTB-91937,Harris,Ellie,ellie.harris83@hotmail.com,07853045356,2,EI2759,Aer Lingus,MAN,PMI,"Palma, Majorca",2026-05-03 09:30,2026-05-03 12:30,England|France|Spain,EI3061,Aer Lingus,PMI,MAN,2026-05-24 07:20,2026-05-24 10:20,Spain|France|England,Starlight Palma Apartments,Active,Pre-departure
OTB-74237,Phillips,Emily,emily.phillips@icloud.com,07473302105,2,W68674,Wizz Air,MAN,LYS,Lyon,2026-05-14 09:25,2026-05-14 11:25,England|France,W65510,Wizz Air,LYS,MAN,2026-05-29 06:40,2026-05-29 08:40,France|England,Ivory Lyon Beach Resort,Active,Pre-departure
